apps/e2e	3855
apps/mcp	524
apps/sandbox-bridge	7
apps/server	3081
apps/web	17675
apps/worker	106
packages/auth	809
packages/billing	214
packages/cache	134
packages/db	2802
packages/eval	33277
packages/ids	88
packages/notifications	157
packages/prompts	3999
packages/schema	5123
packages/sdk	14855
packages/template	251
packages/ui	8004
scripts/check-comments.ts	78
scripts/copy-connection.ts	98
scripts/fixtures	35
scripts/generate-og-image.ts	163
scripts/lib	11
scripts/mint-api-key.ts	95
scripts/server-workspace-deps.mjs	33
scripts/test-org.ts	68
TOTAL	95542
