apps/e2e	3871
apps/mcp	520
apps/sandbox-bridge	7
apps/server	3057
apps/web	17732
apps/worker	107
packages/auth	706
packages/billing	214
packages/cache	134
packages/db	2754
packages/eval	33307
packages/ids	88
packages/notifications	157
packages/prompts	4011
packages/schema	5048
packages/sdk	14834
packages/template	251
packages/ui	8169
scripts/check-comments.ts	78
scripts/copy-connection.ts	135
scripts/fixtures	35
scripts/generate-og-image.ts	163
scripts/mint-api-key.ts	117
scripts/server-workspace-deps.mjs	33
scripts/test-org.ts	71
TOTAL	95599
