ts	phase	decision	why	evidence	result
2026-09-27T03:15:31Z	baseline	Measure branch tip 1e622f02 with bun run perf server	Need numbers before any change	scratchpad o3/baseline-server.json	batches.get p50 188ms c1 46ms 1.9MB 5 q; api.batch 192ms 8 q; large run 159ms 1.97MB; tail 47ms 270KB; report 41ms 15 q; start 30 q; cold 927ms; rss 1.37GB heap 665MB
2026-09-27T03:37:03Z	finding	CPU profile of batches.get: 40% of server CPU is Effect Schema encoding the success body (HttpApiBuilder encodeSuccess), pg parse 12%, drizzle 9%	c1 46ms but c8 188ms means CPU bound; find what burns CPU	o3/prof/batch.cpuprofile + tools/leafbuckets.ts, tools/callers.ts	encode 13ms of 46ms per 1.9MB batch in microbench (tools/encode-bench.ts)
2026-09-27T03:37:03Z	H1	Compile each JSON success schema once into a direct encoder that mirrors Schema.encode node by node and falls back to Schema.encode on anything it cannot prove; hooked in the authorized wrapper so handlers return an HttpServerResponse	Removes interpretive Either overhead; same bytes; falls back so refusals and errors stay identical	tools/encoder-check.ts: byte-identical batch and large run, 13.4ms->3.4ms; ab1-encoder.log	kept: batches.get p50 185->106ms, api.batch 183->107, large run 155->92, runs.get 14.2->10.3, 0 regressed
2026-09-27T03:39:28Z	H2	Rewrite tail advance() as a linear Map pass	reduce copies the marks array per event, looked quadratic	o3/tools/adv.ts: 500 events x 90 trials 0.089ms old vs 0.035ms new	reverted: 0.05ms per request is noise
2026-09-27T03:45:38Z	finding	Tail events query plans an index scan over eval_event.at and filters, so its cost grows with every event in the table older than the batch	EXPLAIN ANALYZE on the scratch DB and on a copy with 1.5M older events	o3/tools/tailplans.sh; scale copy anpord_scratch_o3_scale	1497ms at 1.5M events vs 8ms fenced; harness batches 4 and 8: 18-44ms vs 2-7ms
2026-09-27T03:45:38Z	H3	Materialize the per-trial match (uses the trial,seq unique index) before ordering by at	Stops the planner walking the at index across other batches	ab2.log	kept: runner.tail c1 20.9->6.7ms, p50 43.1->21.5ms, rps 171->369
2026-09-27T03:45:38Z	H4	Select only trial id and payload for journals, and trial id, seq, payload for tail	drizzle mapped and Date-parsed every event row's at and id	prof/batch2.cpuprofile drizzle 16% with timestamp mapFromDriverValue and entity.is on top	kept with H1 numbers: batches.get c1 29.4->27.4ms (ab2 vs ab1)
2026-09-27T03:45:38Z	H5	Report: query only the reported run's plan, and skip the four resets when open inserted a fresh trial	15 queries per report; open deleted artifacts, events, archive, costs of a trial id it had just minted	o3/q.log query log	kept: runner.report 15->11 queries, c1 12.6->11.1ms
2026-09-27T03:49:48Z	H6	Run independent reads concurrently (batch row with runs, costs with journals, case list with filters, variant counts with trials)	Each sequential query is a round trip; remote Postgres makes that milliseconds	ab3.log against 4fbb47a0	reverted: 6 regressions under load (cases.list p50 +17%, api.run rps -8.6%): pool contention outweighs local round trips, and the harness cannot show remote RTT
2026-09-27T03:52:42Z	finding	Idle heap is code, not data: 2160 modules, 510k closures; sandbox SDKs (modal, daytona, e2b, vercel, upstash) and trigger.dev load at boot though the API server only needs them on first use; the @effect/platform barrel pulls the Scalar and Swagger UI bundles (10MB of strings, +25ms, +42MB RSS)	cold start 800ms+ and 1.4GB RSS	o3/prof/boot.cpuprofile (78% module load), o3/prof/idle.heapsnapshot via tools/heapsum.ts, per-import timings	sandbox SDK imports sum about 400ms; bundling with bun build boots in 490ms vs 870ms
2026-09-27T03:52:42Z	decision	Do not switch the platform barrel imports or bundle the server in this PR	Deep imports need import * which ultracite forbids (noNamespaceImport); bundling changes the production artifact and cannot be verified without a deploy	ultracite preset node_modules/ultracite/config/biome/core/biome.jsonc line 282 (extended by biome.jsonc); bundle boot test	left as recommendations for the operator
2026-09-27T03:54:06Z	H7	Import sandbox provider SDKs and the trigger.dev SDK on first use	The API server only reaches them when it reaps a sandbox, dispatches a hosted run or mints a subscription	ab4.log, ab4b.log (focused recheck), boot loop in o3	kept: cold_start 816->565ms (-31%), idle heap 165->136MB, idle RSS about -70MB; batches.get flag in ab4 was noise (focused ab4b: 0 regressed)
2026-09-27T03:58:04Z	H8	Encoder dispatches a union on a literal key every member requires, instead of trying every member	Each journal entry tried all four entry shapes	tools/encoder-check.ts batch 3.36->2.62ms, large run 2.68->1.91ms; ab5.log	kept: api.run.large-journal p50 84.8->75.9ms, batches.get rps 81->87, 0 regressed
2026-09-27T03:59:03Z	H9	Look a harness profile up before inserting it	The insert-or-nothing then select paid two queries for the common already-stored profile	q.log start section	kept pending ab: one query fewer per start for each variant with a profile
2026-09-27T04:17:03Z	verify	verify.sh full bar against origin/charlie/small-fixes 02a0ed19	STACK-READY needs every gate	o3/verify1 evidence dir	install, routes, typecheck, check, comments, knip PASS; biome FAIL on the fixture format, fixed in c8d6aa72 and rechecked clean; test 1844 pass 0 fail; e2e 51/51; sdk-smoke pass; perf ab all 0 regressed beyond 5%
2026-09-27T04:51:07Z	review	close two encoder divergences from Schema.encode found by adversarial review	empty Struct returned {} instead of input; struct filter saw raw input so a response that should 500 could succeed	reviewer property test over all API success schemas: 0 mismatches today; new tests fail on old code	fixed; perf ab server pooled 0 regressions
2026-09-27T08:41:59Z	review	Address PR 14 review: byte-level test asserts, consistent fixture, one trigger SDK helper, filter on a transformation-free type reuses the encoded value	Reviewer threads; toEqual ignored key order and a nested filter validated its whole object again	new filter-count test failed before 723c525f; encoder-check byte-identical batch and large run	fixed 5, declined 3 (declaration Either claim, profile pre-check trade-off, per-call import)
2026-09-27T08:41:59Z	verify	Full bar rerun at 50383ab1 after the review fixes, superseding the 04:17 row whose biome failure was fixed in c8d6aa72	One run should cover every gate at the final head	rc14/ab.log, rc14/test.log, rc14/e2e.log	typecheck, check, comments, knip, biome on changed paths PASS; server 58 and eval 780 tests pass on anpord_scratch_rc14; e2e 51/51; perf ab server vs 0f80fc03: 0 regressed over both passes
